PRAGMA foreign_keys=OFF;
BEGIN TRANSACTION;
CREATE TABLE IF NOT EXISTS "django_migrations" ("id" integer NOT NULL PRIMARY KEY AUTOINCREMENT, "app" varchar(255) NOT NULL, "name" varchar(255) NOT NULL, "applied" datetime NOT NULL);
INSERT INTO django_migrations VALUES(1,'contenttypes','0001_initial','2023-03-26 19:23:30.050624');
INSERT INTO django_migrations VALUES(2,'auth','0001_initial','2023-03-26 19:23:30.066960');
INSERT INTO django_migrations VALUES(3,'admin','0001_initial','2023-03-26 19:23:30.092018');
INSERT INTO django_migrations VALUES(4,'admin','0002_logentry_remove_auto_add','2023-03-26 19:23:30.101025');
INSERT INTO django_migrations VALUES(5,'admin','0003_logentry_add_action_flag_choices','2023-03-26 19:23:30.107867');
INSERT INTO django_migrations VALUES(6,'contenttypes','0002_remove_content_type_name','2023-03-26 19:23:30.123749');
INSERT INTO django_migrations VALUES(7,'auth','0002_alter_permission_name_max_length','2023-03-26 19:23:30.132888');
INSERT INTO django_migrations VALUES(8,'auth','0003_alter_user_email_max_length','2023-03-26 19:23:30.141612');
INSERT INTO django_migrations VALUES(9,'auth','0004_alter_user_username_opts','2023-03-26 19:23:30.147713');
INSERT INTO django_migrations VALUES(10,'auth','0005_alter_user_last_login_null','2023-03-26 19:23:30.157475');
INSERT INTO django_migrations VALUES(11,'auth','0006_require_contenttypes_0002','2023-03-26 19:23:30.159685');
INSERT INTO django_migrations VALUES(12,'auth','0007_alter_validators_add_error_messages','2023-03-26 19:23:30.165276');
INSERT INTO django_migrations VALUES(13,'auth','0008_alter_user_username_max_length','2023-03-26 19:23:30.173762');
INSERT INTO django_migrations VALUES(14,'auth','0009_alter_user_last_name_max_length','2023-03-26 19:23:30.182014');
INSERT INTO django_migrations VALUES(15,'auth','0010_alter_group_name_max_length','2023-03-26 19:23:30.189264');
INSERT INTO django_migrations VALUES(16,'auth','0011_update_proxy_permissions','2023-03-26 19:23:30.196183');
INSERT INTO django_migrations VALUES(17,'auth','0012_alter_user_first_name_max_length','2023-03-26 19:23:30.204325');
INSERT INTO django_migrations VALUES(18,'polls','0001_initial','2023-03-26 19:23:30.207881');
INSERT INTO django_migrations VALUES(19,'polls','0002_rename_name_user_nombre_user_apellidos','2023-03-26 19:23:30.215203');
INSERT INTO django_migrations VALUES(20,'polls','0003_usuario_delete_user','2023-03-26 19:23:30.218389');
INSERT INTO django_migrations VALUES(21,'polls','0004_alter_usuario_id','2023-03-26 19:23:30.223659');
INSERT INTO django_migrations VALUES(22,'polls','0005_alter_usuario_table','2023-03-26 19:23:30.227749');
INSERT INTO django_migrations VALUES(23,'polls','0006_delete_usuario','2023-03-26 19:23:30.230382');
INSERT INTO django_migrations VALUES(24,'polls','0007_initial','2023-03-26 19:23:30.233423');
INSERT INTO django_migrations VALUES(25,'sessions','0001_initial','2023-03-26 19:23:30.237703');
INSERT INTO django_migrations VALUES(26,'polls','0008_alter_user_apellidos_alter_user_nombre_and_more','2023-03-26 19:40:30.433673');
INSERT INTO django_migrations VALUES(27,'polls','0009_issue','2023-03-31 07:05:00.221809');
INSERT INTO django_migrations VALUES(28,'default','0001_initial','2023-04-03 18:10:03.181354');
INSERT INTO django_migrations VALUES(29,'social_auth','0001_initial','2023-04-03 18:10:03.183109');
INSERT INTO django_migrations VALUES(30,'default','0002_add_related_name','2023-04-03 18:10:03.189809');
INSERT INTO django_migrations VALUES(31,'social_auth','0002_add_related_name','2023-04-03 18:10:03.190466');
INSERT INTO django_migrations VALUES(32,'default','0003_alter_email_max_length','2023-04-03 18:10:03.197356');
INSERT INTO django_migrations VALUES(33,'social_auth','0003_alter_email_max_length','2023-04-03 18:10:03.197776');
INSERT INTO django_migrations VALUES(34,'default','0004_auto_20160423_0400','2023-04-03 18:10:03.208888');
INSERT INTO django_migrations VALUES(35,'social_auth','0004_auto_20160423_0400','2023-04-03 18:10:03.209303');
INSERT INTO django_migrations VALUES(36,'social_auth','0005_auto_20160727_2333','2023-04-03 18:10:03.212593');
INSERT INTO django_migrations VALUES(37,'social_django','0006_partial','2023-04-03 18:10:03.216802');
INSERT INTO django_migrations VALUES(38,'social_django','0007_code_timestamp','2023-04-03 18:10:03.222953');
INSERT INTO django_migrations VALUES(39,'social_django','0008_partial_timestamp','2023-04-03 18:10:03.229403');
INSERT INTO django_migrations VALUES(40,'social_django','0009_auto_20191118_0520','2023-04-03 18:10:03.246606');
INSERT INTO django_migrations VALUES(41,'social_django','0010_uid_db_index','2023-04-03 18:10:03.257196');
INSERT INTO django_migrations VALUES(42,'social_django','0011_alter_id_fields','2023-04-03 18:10:03.282999');
INSERT INTO django_migrations VALUES(43,'social_django','0002_add_related_name','2023-04-03 18:10:03.285858');
INSERT INTO django_migrations VALUES(44,'social_django','0003_alter_email_max_length','2023-04-03 18:10:03.287336');
INSERT INTO django_migrations VALUES(45,'social_django','0004_auto_20160423_0400','2023-04-03 18:10:03.288860');
INSERT INTO django_migrations VALUES(46,'social_django','0001_initial','2023-04-03 18:10:03.290196');
INSERT INTO django_migrations VALUES(47,'social_django','0005_auto_20160727_2333','2023-04-03 18:10:03.291345');
INSERT INTO django_migrations VALUES(48,'account','0001_initial','2023-04-04 05:16:41.830517');
INSERT INTO django_migrations VALUES(49,'account','0002_email_max_length','2023-04-04 05:16:41.844849');
INSERT INTO django_migrations VALUES(50,'sites','0001_initial','2023-04-04 05:16:41.849028');
INSERT INTO django_migrations VALUES(51,'sites','0002_alter_domain_unique','2023-04-04 05:16:41.856437');
INSERT INTO django_migrations VALUES(52,'socialaccount','0001_initial','2023-04-04 05:16:41.898693');
INSERT INTO django_migrations VALUES(53,'socialaccount','0002_token_max_lengths','2023-04-04 05:16:41.932257');
INSERT INTO django_migrations VALUES(54,'socialaccount','0003_extra_data_default_dict','2023-04-04 05:16:41.947681');
INSERT INTO django_migrations VALUES(55,'polls','0010_remove_user_apellidos_remove_user_nombre','2023-04-04 15:55:01.687374');
INSERT INTO django_migrations VALUES(56,'polls','0011_user_username','2023-04-04 16:20:48.013797');
INSERT INTO django_migrations VALUES(57,'polls','0012_alter_issue_associat_alter_issue_creador_and_more','2023-04-05 18:44:29.116659');
INSERT INTO django_migrations VALUES(58,'polls','0013_alter_issue_associat_alter_issue_vigilant','2023-04-05 18:47:46.091936');
INSERT INTO django_migrations VALUES(59,'polls','0014_actividad_issue','2023-04-07 15:43:45.121980');
INSERT INTO django_migrations VALUES(60,'polls','0015_equipo_miembro_equipo','2023-04-07 16:51:42.636949');
INSERT INTO django_migrations VALUES(61,'polls','0016_alter_equipo_nombre','2023-04-07 16:51:42.651089');
INSERT INTO django_migrations VALUES(62,'polls','0017_alter_equipo_nombre','2023-04-07 16:51:42.665373');
INSERT INTO django_migrations VALUES(63,'polls','0018_alter_miembro_equipo_miembro','2023-04-07 16:51:42.681023');
INSERT INTO django_migrations VALUES(64,'polls','0019_alter_issue_vigilant','2023-04-07 16:51:42.697179');
INSERT INTO django_migrations VALUES(65,'polls','0020_alter_equipo_nombre','2023-04-07 16:51:42.710209');
INSERT INTO django_migrations VALUES(66,'polls','0021_issue_asignada_alter_miembro_equipo_miembro','2023-04-07 19:30:51.134033');
INSERT INTO django_migrations VALUES(67,'polls','0022_imagen_perfil','2023-04-09 21:25:49.875801');
INSERT INTO django_migrations VALUES(68,'polls','0023_comentario','2023-04-12 07:30:43.277306');
INSERT INTO django_migrations VALUES(69,'polls','0024_comentario_deleted','2023-04-12 07:43:13.576948');
INSERT INTO django_migrations VALUES(70,'polls','0025_issue_blocked_issue_reason_blocked','2023-04-12 15:40:11.195983');
INSERT INTO django_migrations VALUES(71,'polls','0023_watcher','2023-04-12 17:18:34.118579');
INSERT INTO django_migrations VALUES(72,'polls','0026_merge_20230412_1918','2023-04-12 17:18:34.132574');
INSERT INTO django_migrations VALUES(73,'polls','0023_issue_deadline_comentario','2023-04-12 17:55:58.303195');
INSERT INTO django_migrations VALUES(74,'polls','0024_alter_issue_vigilant_deadline','2023-04-12 17:55:58.375144');
INSERT INTO django_migrations VALUES(75,'polls','0026_merge_20230412_1955','2023-04-12 17:55:58.386148');
INSERT INTO django_migrations VALUES(76,'polls','0027_issue_status','2023-04-12 19:03:03.542359');
INSERT INTO django_migrations VALUES(77,'polls','0028_issue_prioridad','2023-04-12 21:17:28.001219');
INSERT INTO django_migrations VALUES(78,'polls','0029_remove_issue_prioridad','2023-04-12 21:17:28.020510');
INSERT INTO django_migrations VALUES(79,'polls','0030_issue_prioridad','2023-04-12 21:17:28.039479');
INSERT INTO django_migrations VALUES(80,'polls','0031_alter_issue_blocked_alter_issue_prioridad_and_more','2023-04-12 21:17:28.087628');
INSERT INTO django_migrations VALUES(81,'polls','0032_alter_actividad_issue_issue_alter_issue_status','2023-04-13 16:00:01.020225');
CREATE TABLE IF NOT EXISTS "auth_group_permissions" ("id" integer NOT NULL PRIMARY KEY AUTOINCREMENT, "group_id" integer NOT NULL REFERENCES "auth_group" ("id") DEFERRABLE INITIALLY DEFERRED, "permission_id" integer NOT NULL REFERENCES "auth_permission" ("id") DEFERRABLE INITIALLY DEFERRED);
CREATE TABLE IF NOT EXISTS "auth_user_groups" ("id" integer NOT NULL PRIMARY KEY AUTOINCREMENT, "user_id" integer NOT NULL REFERENCES "auth_user" ("id") DEFERRABLE INITIALLY DEFERRED, "group_id" integer NOT NULL REFERENCES "auth_group" ("id") DEFERRABLE INITIALLY DEFERRED);
CREATE TABLE IF NOT EXISTS "auth_user_user_permissions" ("id" integer NOT NULL PRIMARY KEY AUTOINCREMENT, "user_id" integer NOT NULL REFERENCES "auth_user" ("id") DEFERRABLE INITIALLY DEFERRED, "permission_id" integer NOT NULL REFERENCES "auth_permission" ("id") DEFERRABLE INITIALLY DEFERRED);
CREATE TABLE IF NOT EXISTS "django_admin_log" ("id" integer NOT NULL PRIMARY KEY AUTOINCREMENT, "object_id" text NULL, "object_repr" varchar(200) NOT NULL, "action_flag" smallint unsigned NOT NULL CHECK ("action_flag" >= 0), "change_message" text NOT NULL, "content_type_id" integer NULL REFERENCES "django_content_type" ("id") DEFERRABLE INITIALLY DEFERRED, "user_id" integer NOT NULL REFERENCES "auth_user" ("id") DEFERRABLE INITIALLY DEFERRED, "action_time" datetime NOT NULL);
INSERT INTO django_admin_log VALUES(1,'1','OAuth App',1,'[{"added": {}}]',18,1,'2023-04-04 05:18:14.794596');
CREATE TABLE IF NOT EXISTS "django_content_type" ("id" integer NOT NULL PRIMARY KEY AUTOINCREMENT, "app_label" varchar(100) NOT NULL, "model" varchar(100) NOT NULL);
INSERT INTO django_content_type VALUES(1,'admin','logentry');
INSERT INTO django_content_type VALUES(2,'auth','permission');
INSERT INTO django_content_type VALUES(3,'auth','group');
INSERT INTO django_content_type VALUES(4,'auth','user');
INSERT INTO django_content_type VALUES(5,'contenttypes','contenttype');
INSERT INTO django_content_type VALUES(6,'sessions','session');
INSERT INTO django_content_type VALUES(7,'polls','user');
INSERT INTO django_content_type VALUES(8,'polls','issue');
INSERT INTO django_content_type VALUES(9,'social_django','association');
INSERT INTO django_content_type VALUES(10,'social_django','code');
INSERT INTO django_content_type VALUES(11,'social_django','nonce');
INSERT INTO django_content_type VALUES(12,'social_django','usersocialauth');
INSERT INTO django_content_type VALUES(13,'social_django','partial');
INSERT INTO django_content_type VALUES(14,'sites','site');
INSERT INTO django_content_type VALUES(15,'account','emailaddress');
INSERT INTO django_content_type VALUES(16,'account','emailconfirmation');
INSERT INTO django_content_type VALUES(17,'socialaccount','socialaccount');
INSERT INTO django_content_type VALUES(18,'socialaccount','socialapp');
INSERT INTO django_content_type VALUES(19,'socialaccount','socialtoken');
INSERT INTO django_content_type VALUES(20,'polls','actividad_issue');
INSERT INTO django_content_type VALUES(21,'polls','equipo');
INSERT INTO django_content_type VALUES(22,'polls','miembro_equipo');
INSERT INTO django_content_type VALUES(23,'polls','imagen_perfil');
INSERT INTO django_content_type VALUES(24,'polls','comentario');
INSERT INTO django_content_type VALUES(25,'polls','watcher');
INSERT INTO django_content_type VALUES(26,'polls','deadline');
CREATE TABLE IF NOT EXISTS "auth_permission" ("id" integer NOT NULL PRIMARY KEY AUTOINCREMENT, "content_type_id" integer NOT NULL REFERENCES "django_content_type" ("id") DEFERRABLE INITIALLY DEFERRED, "codename" varchar(100) NOT NULL, "name" varchar(255) NOT NULL);
INSERT INTO auth_permission VALUES(1,1,'add_logentry','Can add log entry');
INSERT INTO auth_permission VALUES(2,1,'change_logentry','Can change log entry');
INSERT INTO auth_permission VALUES(3,1,'delete_logentry','Can delete log entry');
INSERT INTO auth_permission VALUES(4,1,'view_logentry','Can view log entry');
INSERT INTO auth_permission VALUES(5,2,'add_permission','Can add permission');
INSERT INTO auth_permission VALUES(6,2,'change_permission','Can change permission');
INSERT INTO auth_permission VALUES(7,2,'delete_permission','Can delete permission');
INSERT INTO auth_permission VALUES(8,2,'view_permission','Can view permission');
INSERT INTO auth_permission VALUES(9,3,'add_group','Can add group');
INSERT INTO auth_permission VALUES(10,3,'change_group','Can change group');
INSERT INTO auth_permission VALUES(11,3,'delete_group','Can delete group');
INSERT INTO auth_permission VALUES(12,3,'view_group','Can view group');
INSERT INTO auth_permission VALUES(13,4,'add_user','Can add user');
INSERT INTO auth_permission VALUES(14,4,'change_user','Can change user');
INSERT INTO auth_permission VALUES(15,4,'delete_user','Can delete user');
INSERT INTO auth_permission VALUES(16,4,'view_user','Can view user');
INSERT INTO auth_permission VALUES(17,5,'add_contenttype','Can add content type');
INSERT INTO auth_permission VALUES(18,5,'change_contenttype','Can change content type');
INSERT INTO auth_permission VALUES(19,5,'delete_contenttype','Can delete content type');
INSERT INTO auth_permission VALUES(20,5,'view_contenttype','Can view content type');
INSERT INTO auth_permission VALUES(21,6,'add_session','Can add session');
INSERT INTO auth_permission VALUES(22,6,'change_session','Can change session');
INSERT INTO auth_permission VALUES(23,6,'delete_session','Can delete session');
INSERT INTO auth_permission VALUES(24,6,'view_session','Can view session');
INSERT INTO auth_permission VALUES(25,7,'add_user','Can add user');
INSERT INTO auth_permission VALUES(26,7,'change_user','Can change user');
INSERT INTO auth_permission VALUES(27,7,'delete_user','Can delete user');
INSERT INTO auth_permission VALUES(28,7,'view_user','Can view user');
INSERT INTO auth_permission VALUES(29,8,'add_issue','Can add issue');
INSERT INTO auth_permission VALUES(30,8,'change_issue','Can change issue');
INSERT INTO auth_permission VALUES(31,8,'delete_issue','Can delete issue');
INSERT INTO auth_permission VALUES(32,8,'view_issue','Can view issue');
INSERT INTO auth_permission VALUES(33,9,'add_association','Can add association');
INSERT INTO auth_permission VALUES(34,9,'change_association','Can change association');
INSERT INTO auth_permission VALUES(35,9,'delete_association','Can delete association');
INSERT INTO auth_permission VALUES(36,9,'view_association','Can view association');
INSERT INTO auth_permission VALUES(37,10,'add_code','Can add code');
INSERT INTO auth_permission VALUES(38,10,'change_code','Can change code');
INSERT INTO auth_permission VALUES(39,10,'delete_code','Can delete code');
INSERT INTO auth_permission VALUES(40,10,'view_code','Can view code');
INSERT INTO auth_permission VALUES(41,11,'add_nonce','Can add nonce');
INSERT INTO auth_permission VALUES(42,11,'change_nonce','Can change nonce');
INSERT INTO auth_permission VALUES(43,11,'delete_nonce','Can delete nonce');
INSERT INTO auth_permission VALUES(44,11,'view_nonce','Can view nonce');
INSERT INTO auth_permission VALUES(45,12,'add_usersocialauth','Can add user social auth');
INSERT INTO auth_permission VALUES(46,12,'change_usersocialauth','Can change user social auth');
INSERT INTO auth_permission VALUES(47,12,'delete_usersocialauth','Can delete user social auth');
INSERT INTO auth_permission VALUES(48,12,'view_usersocialauth','Can view user social auth');
INSERT INTO auth_permission VALUES(49,13,'add_partial','Can add partial');
INSERT INTO auth_permission VALUES(50,13,'change_partial','Can change partial');
INSERT INTO auth_permission VALUES(51,13,'delete_partial','Can delete partial');
INSERT INTO auth_permission VALUES(52,13,'view_partial','Can view partial');
INSERT INTO auth_permission VALUES(53,14,'add_site','Can add site');
INSERT INTO auth_permission VALUES(54,14,'change_site','Can change site');
INSERT INTO auth_permission VALUES(55,14,'delete_site','Can delete site');
INSERT INTO auth_permission VALUES(56,14,'view_site','Can view site');
INSERT INTO auth_permission VALUES(57,15,'add_emailaddress','Can add email address');
INSERT INTO auth_permission VALUES(58,15,'change_emailaddress','Can change email address');
INSERT INTO auth_permission VALUES(59,15,'delete_emailaddress','Can delete email address');
INSERT INTO auth_permission VALUES(60,15,'view_emailaddress','Can view email address');
INSERT INTO auth_permission VALUES(61,16,'add_emailconfirmation','Can add email confirmation');
INSERT INTO auth_permission VALUES(62,16,'change_emailconfirmation','Can change email confirmation');
INSERT INTO auth_permission VALUES(63,16,'delete_emailconfirmation','Can delete email confirmation');
INSERT INTO auth_permission VALUES(64,16,'view_emailconfirmation','Can view email confirmation');
INSERT INTO auth_permission VALUES(65,17,'add_socialaccount','Can add social account');
INSERT INTO auth_permission VALUES(66,17,'change_socialaccount','Can change social account');
INSERT INTO auth_permission VALUES(67,17,'delete_socialaccount','Can delete social account');
INSERT INTO auth_permission VALUES(68,17,'view_socialaccount','Can view social account');
INSERT INTO auth_permission VALUES(69,18,'add_socialapp','Can add social application');
INSERT INTO auth_permission VALUES(70,18,'change_socialapp','Can change social application');
INSERT INTO auth_permission VALUES(71,18,'delete_socialapp','Can delete social application');
INSERT INTO auth_permission VALUES(72,18,'view_socialapp','Can view social application');
INSERT INTO auth_permission VALUES(73,19,'add_socialtoken','Can add social application token');
INSERT INTO auth_permission VALUES(74,19,'change_socialtoken','Can change social application token');
INSERT INTO auth_permission VALUES(75,19,'delete_socialtoken','Can delete social application token');
INSERT INTO auth_permission VALUES(76,19,'view_socialtoken','Can view social application token');
INSERT INTO auth_permission VALUES(77,20,'add_actividad_issue','Can add actividad_ issue');
INSERT INTO auth_permission VALUES(78,20,'change_actividad_issue','Can change actividad_ issue');
INSERT INTO auth_permission VALUES(79,20,'delete_actividad_issue','Can delete actividad_ issue');
INSERT INTO auth_permission VALUES(80,20,'view_actividad_issue','Can view actividad_ issue');
INSERT INTO auth_permission VALUES(81,21,'add_equipo','Can add equipo');
INSERT INTO auth_permission VALUES(82,21,'change_equipo','Can change equipo');
INSERT INTO auth_permission VALUES(83,21,'delete_equipo','Can delete equipo');
INSERT INTO auth_permission VALUES(84,21,'view_equipo','Can view equipo');
INSERT INTO auth_permission VALUES(85,22,'add_miembro_equipo','Can add miembro_ equipo');
INSERT INTO auth_permission VALUES(86,22,'change_miembro_equipo','Can change miembro_ equipo');
INSERT INTO auth_permission VALUES(87,22,'delete_miembro_equipo','Can delete miembro_ equipo');
INSERT INTO auth_permission VALUES(88,22,'view_miembro_equipo','Can view miembro_ equipo');
INSERT INTO auth_permission VALUES(89,23,'add_imagen_perfil','Can add imagen_ perfil');
INSERT INTO auth_permission VALUES(90,23,'change_imagen_perfil','Can change imagen_ perfil');
INSERT INTO auth_permission VALUES(91,23,'delete_imagen_perfil','Can delete imagen_ perfil');
INSERT INTO auth_permission VALUES(92,23,'view_imagen_perfil','Can view imagen_ perfil');
INSERT INTO auth_permission VALUES(93,24,'add_comentario','Can add comentario');
INSERT INTO auth_permission VALUES(94,24,'change_comentario','Can change comentario');
INSERT INTO auth_permission VALUES(95,24,'delete_comentario','Can delete comentario');
INSERT INTO auth_permission VALUES(96,24,'view_comentario','Can view comentario');
INSERT INTO auth_permission VALUES(97,25,'add_watcher','Can add watcher');
INSERT INTO auth_permission VALUES(98,25,'change_watcher','Can change watcher');
INSERT INTO auth_permission VALUES(99,25,'delete_watcher','Can delete watcher');
INSERT INTO auth_permission VALUES(100,25,'view_watcher','Can view watcher');
INSERT INTO auth_permission VALUES(101,26,'add_deadline','Can add deadline');
INSERT INTO auth_permission VALUES(102,26,'change_deadline','Can change deadline');
INSERT INTO auth_permission VALUES(103,26,'delete_deadline','Can delete deadline');
INSERT INTO auth_permission VALUES(104,26,'view_deadline','Can view deadline');
CREATE TABLE IF NOT EXISTS "auth_group" ("id" integer NOT NULL PRIMARY KEY AUTOINCREMENT, "name" varchar(150) NOT NULL UNIQUE);
CREATE TABLE IF NOT EXISTS "auth_user" ("id" integer NOT NULL PRIMARY KEY AUTOINCREMENT, "password" varchar(128) NOT NULL, "last_login" datetime NULL, "is_superuser" bool NOT NULL, "username" varchar(150) NOT NULL UNIQUE, "last_name" varchar(150) NOT NULL, "email" varchar(254) NOT NULL, "is_staff" bool NOT NULL, "is_active" bool NOT NULL, "date_joined" datetime NOT NULL, "first_name" varchar(150) NOT NULL);
INSERT INTO auth_user VALUES(1,'pbkdf2_sha256$390000$jy2xEzmaL7QX47W49UYCTA$Pf67xvE38nres1QeMAisAp2ZeNnlq4fhT0Dhmp5sFPU=','2023-04-04 05:08:38.143471',1,'miguelnunez','','',1,1,'2023-04-04 05:08:33.518953','');
INSERT INTO auth_user VALUES(2,'pbkdf2_sha256$390000$VpMkUcSHuvUG7QcEX3NeDg$fxc2jQIz0eEoQWHPm53xUF5oaRTYISrrB6HCsmSCd0w=','2023-04-04 13:33:48.419545',1,'123','','',1,1,'2023-04-04 05:13:10.937647','');
INSERT INTO auth_user VALUES(3,'!v8JULH86V35awcq1d3sCmHRLcHtkeHGoWMtLMyEM','2023-04-16 12:04:24.600927',0,'MIGUELON','Núñez Rodriguez','miguelnr152@gmail.com',0,1,'2023-04-04 05:19:09.082340','Miguelon');
INSERT INTO auth_user VALUES(4,'!1mRs4918K67WkWIqB5XeACOavxgyVybhqaqBuSIm','2023-04-10 16:42:46.918069',0,'miguel5','Núñez Rodríguez','',0,1,'2023-04-04 05:20:11.653366','Miguel');
INSERT INTO auth_user VALUES(5,'!q1hxRMxB6Ri9BTfaWj6DHUsMaHTNEhgbqyQdyHWh','2023-04-04 16:16:16.900628',0,'miguel7','Núñez','',0,1,'2023-04-04 16:16:16.888073','Miguel');
INSERT INTO auth_user VALUES(6,'pbkdf2_sha256$390000$O2BP0tfXZitLCnu4b0l5ZM$RFqcwd7GDD5dISmJfyh+k1JfPcZTwkbeO3teVbOO22U=',NULL,0,'dsfsdf','','test5@gmail.com',0,1,'2023-04-04 16:55:23.013764','');
INSERT INTO auth_user VALUES(7,'pbkdf2_sha256$390000$nhUvRKAdmlp1apJlWCvEe3$XSGqAEsUhV4k7iMcjCVrorBPFA7nemR2siiVc9FVn60=',NULL,0,'MiGuEl','','miguel@gmail.com',0,1,'2023-04-04 16:57:32.395041','');
INSERT INTO auth_user VALUES(8,'pbkdf2_sha256$390000$PGRGnbGdzWTz32aHSYIigF$bkw+9bE5CCMzhJsl7x7M2egK7fD56UATbWE2qlitSwY=',NULL,0,'holi','','test7@gmail.com',0,1,'2023-04-04 17:01:06.070016','');
INSERT INTO auth_user VALUES(9,'pbkdf2_sha256$390000$xPKVjRLr8eTssWmGkLntaJ$YGwciKSMr6QbHgCXrf7GvHF8UOHsGS7gS1Sm0Z5FMSI=','2023-04-07 14:57:39.068193',0,'test','','test@gmail.com',0,1,'2023-04-04 20:10:58.726112','');
INSERT INTO auth_user VALUES(10,'pbkdf2_sha256$390000$uS6PpahpewDF2s5epwVYWG$7mFsfhv/xg92WtfXryRD+bg/y8HBNjlJy6RggjVE8ZU=','2023-04-07 07:56:36.893975',0,'TEST','','TEST@gmail.com',0,1,'2023-04-07 07:55:30.984669','');
INSERT INTO auth_user VALUES(11,'pbkdf2_sha256$390000$tLPpPb1DxXHhOcYLICCboq$KDx85Y7ohZnhWNTpv25wnVaXVgLWocoNF+3nRBlHqAk=',NULL,0,'usuario','','yenalga@gmail.com',0,1,'2023-04-11 18:27:49.560041','');
INSERT INTO auth_user VALUES(12,'pbkdf2_sha256$390000$3mYsXLytvcpkj1xu493Qr9$nuLbIQwc+IrAq7RAaoVyiDhNs4fv37zRc34fIZt7rtk=','2023-04-13 16:29:50.438590',0,'juan.clusellas','','juan.clusellas@estudiantat.upc.edu',0,1,'2023-04-11 18:30:06.268575','');
INSERT INTO auth_user VALUES(13,'pbkdf2_sha256$390000$ETnIa3hmtmxkCahmDjd4K9$LJ8xRqag/ALo+ZIMP2axsJcJoTRd28AoXbpeAaJI7c4=','2023-04-17 14:29:05.406245',0,'Joan','','joan.martinez.soria@estudiantat.upc.edu',0,1,'2023-04-12 17:19:23.863521','');
INSERT INTO auth_user VALUES(14,'!7eALH5U16gti10QobTBX8IcTrpUzz5vxa2JhtpXh','2023-04-14 07:01:17.341899',0,'juanTEST','Clusellas','',0,1,'2023-04-14 06:42:25.491962','JuanTEST');
INSERT INTO auth_user VALUES(15,'!7pSWpqbSL02AfUwjurXP9yeZF6tWfzmyN7ih052U','2023-04-14 06:58:52.879222',0,'juan0','Clusellas Cánovas','',0,1,'2023-04-14 06:58:52.862503','Juan');
INSERT INTO auth_user VALUES(16,'!nA4ugRGXTZGXSrOMKC1tBZ8fWpDDwFt1JW6TnxJP','2023-04-17 15:52:09.323760',0,'joan3','Martínez Soria','',0,1,'2023-04-17 15:24:11.306468','Joan');
CREATE TABLE IF NOT EXISTS "django_session" ("session_key" varchar(40) NOT NULL PRIMARY KEY, "session_data" text NOT NULL, "expire_date" datetime NOT NULL);
INSERT INTO django_session VALUES('a1tvmwgtxjma2bs87i3wia161sbh4ur5','e30:1pkgxY:fqKtK9LjId2yYxQM2NE85-rC1phsmcMe9OZ04N8Pq0k','2023-04-21 07:56:36.891194');
INSERT INTO django_session VALUES('8ek8e4gkvoutxz07vxi1tx0pkthddck1','e30:1pknQ1:xhEf2-UCiUyL1O1Iaby2JhNwO861G7XG9Hfkw5eFEBY','2023-04-21 14:50:25.073125');
INSERT INTO django_session VALUES('vuj1poxiuwsxrj5as0z9s3i4uc3r40zq','e30:1pknRC:B9HOoktPDorP_MjfG0iVGQA5c7HKBtsv5pMc7r0g9RE','2023-04-21 14:51:38.404792');
INSERT INTO django_session VALUES('djp9jla7c06mxuz499e1br30v0j89yxr','e30:1pknSV:hM2rX6ERZ6JJVo1iQ_8suznYtlVU7mqdacC6ukua1eI','2023-04-21 14:52:59.429936');
INSERT INTO django_session VALUES('8ulrzisf7z70z0nxjpz0toxmu0iszfio','e30:1pknTC:1MXAq9b-7lE6z-RNiuIKTL-9UUpB0wmJ3p9nBAeeEcc','2023-04-21 14:53:42.623217');
INSERT INTO django_session VALUES('u1y2xq5gbttzfspcbkjjyyy41qtboj08','e30:1pknTi:9YmyNdu9TEYUR5cNQHfoNEHzYpxgN5mZIGpEw4aNt0Q','2023-04-21 14:54:14.569757');
INSERT INTO django_session VALUES('weqr8kj29zanhfbpigteufbtur2u2znb','e30:1pknUf:UlfSD2mRxA1A3AW-m7EAxnxBa8xPjCH5eoIa-dbWFEg','2023-04-21 14:55:13.756698');
INSERT INTO django_session VALUES('9nc2gao93q6aylhuu68pj08yuckwk0ju','e30:1pknV7:eb1CvuxhGZG8MWpYLr7pxB92PFIW1bCB7LtwhYK_1qQ','2023-04-21 14:55:41.196586');
INSERT INTO django_session VALUES('hr5t7cg2bj1ka35niwvn74di7ikduftr','e30:1pknWe:ti04qZfuf72Bh6t5EX5b1YyArgvMIGW39JInOmcVvXo','2023-04-21 14:57:16.396273');
INSERT INTO django_session VALUES('yoww6ephqzcbx58y0wxfxqnb6i20ta4t','.eJxVjDsOwjAQRO_iGkX-rH90cBFrvVkrEZEjYadC3J0EpYBy3sy8l0i49SltjZ9pHsVVGHH5ZRnpwfUocFkOPCDRutU-fDdn3Ybbnrj2mbDPa72frz_VhG3aPbIo0Jo1QjEBfXEU1Oh8BlDReR-DzcWAl5YJnWaIjKyslsA7z1DE-wOmmjwf:1pkoTE:QwFzxK8I_Y1dWA-yS30RSmsG3U3MpawdBnqhVn1Uqbw','2023-04-21 15:57:48.502174');
INSERT INTO django_session VALUES('hepqs18owx7uuq0wufbhahfnqpd55f2j','.eJxVjDsOwjAQRO_iGkX-rH90cBFrvVkrEZEjYadC3J0EpYBy3sy8l0i49SltjZ9pHsVVGHH5ZRnpwfUocFkOPCDRutU-fDdn3Ybbnrj2mbDPa72frz_VhG3aPbIo0Jo1QjEBfXEU1Oh8BlDReR-DzcWAl5YJnWaIjKyslsA7z1DE-wOmmjwf:1pksqf:ohsFj-i9EoHdwKcYQPdySzRIY6mHGat2gj35GMObZOw','2023-04-21 20:38:17.025178');
INSERT INTO django_session VALUES('tkgrk76mf32j8ptlmxvqbrj949mdwq98','.eJxVjDsOwjAQRO_iGkX-rH90cBFrvVkrEZEjYadC3J0EpYBy3sy8l0i49SltjZ9pHsVVGHH5ZRnpwfUocFkOPCDRutU-fDdn3Ybbnrj2mbDPa72frz_VhG3aPbIo0Jo1QjEBfXEU1Oh8BlDReR-DzcWAl5YJnWaIjKyslsA7z1DE-wOmmjwf:1plulk:BnsjhHhMgFsN2vi07d1QE_0RzZmyrwj7BuYaJ13_uvs','2023-04-24 16:53:28.080538');
INSERT INTO django_session VALUES('4udimpf6fel6usg2zm0obv7xdle7q9ci','.eJxVjDsOwjAQRO_iGkX-rH90cBFrvVkrEZEjYadC3J0EpYBy3sy8l0i49SltjZ9pHsVVGHH5ZRnpwfUocFkOPCDRutU-fDdn3Ybbnrj2mbDPa72frz_VhG3aPbIo0Jo1QjEBfXEU1Oh8BlDReR-DzcWAl5YJnWaIjKyslsA7z1DE-wOmmjwf:1plv5m:tBIjwBJC1NB4-YTxciSjEnBUkKgN_e_eT4w2bbrD-Uo','2023-04-24 17:14:10.282421');
INSERT INTO django_session VALUES('klnqcte3yjzxug2g9zyc5bbz33il7q97','e30:1pme8A:GNK2eGvY8tIenVWAR-wuvip2ykLI_FFsqAUPU_Nkrtw','2023-04-26 17:19:38.899496');
INSERT INTO django_session VALUES('uivs3qiboynu8e6on9cetjamf57ayb77','e30:1pme8U:R90fM40-_MNvUeQ_36zORsLPvXEe6Z4Dp22TpQRoiGg','2023-04-26 17:19:58.005420');
INSERT INTO django_session VALUES('x9e69p7b8bvyjua2by9kjzrjhfvj1kxl','.eJxVjMsOwiAUBf-FtSFAKQ-X7v0Gch8gVUOT0q6M_65NutDtmZnzEgm2taat5yVNLM5CD-L0OyLQI7ed8B3abZY0t3WZUO6KPGiX15nz83K4fwcVev3WPrPNpGIYilJsooGQnQkuIhY0RRMbKkDkFWkijN7TOIJxaFVAZVm8PyarOOo:1pmx7M:bfy1IjCn30Tf0swSNm6uAjTgB0ExdIDZ14meMoaYtmk','2023-04-27 13:36:04.651906');
INSERT INTO django_session VALUES('pq2icrxpj8k53wy5tjagrej21agrhsbl','.eJxVjDsOwjAQRO_iGkX-rH90cBFrvVkrEZEjYadC3J0EpYBy3sy8l0i49SltjZ9pHsVVGHH5ZRnpwfUocFkOPCDRutU-fDdn3Ybbnrj2mbDPa72frz_VhG3aPbIo0Jo1QjEBfXEU1Oh8BlDReR-DzcWAl5YJnWaIjKyslsA7z1DE-wOmmjwf:1pmhqf:AWLQt9pSea5LN2Rwxyrnmc626WTDP2zZlB78X39yM34','2023-04-26 21:17:49.111016');
INSERT INTO django_session VALUES('hgm12pyfwy9ptf3gv0r2er2xp9kowfbt','.eJxVjMEOwiAQRP-Fs2lYYIF60x8hC11CY0MTCyfjv9uaHvQ4b2beSwTqrYS-8TPMk7gKMOLyCyOlB9ejoWU58EAprb224bs562247YlrmxO1ea338_WnKrSV3RMB0ohSg0uQWVJUCqNFZpJ-coCco3Y0oVSj1dqTcdJnbaw3xiGCEu8P1eQ7fA:1pnDQr:MJNu2Xj9s0t2XAc6n8wd90YFWkJts2bBi5p7OfmS69c','2023-04-28 07:01:17.344865');
INSERT INTO django_session VALUES('suidlmc9rsw0o7wslhy423loftl87edi','.eJxVjDsOwjAQRO_iGkX-rH90cBFrvVkrEZEjYadC3J0EpYBy3sy8l0i49SltjZ9pHsVVGHH5ZRnpwfUocFkOPCDRutU-fDdn3Ybbnrj2mbDPa72frz_VhG3aPbIo0Jo1QjEBfXEU1Oh8BlDReR-DzcWAl5YJnWaIjKyslsA7z1DE-wOmmjwf:1po17I:1e47boHHSctDcWv1VA1YpkQ1y_FVlgsTM-WDQppWn34','2023-04-30 12:04:24.605939');
INSERT INTO django_session VALUES('glaaoockczj7ta5s4a43qh147e7w4nta','.eJxVj8sOgjAQRf9l1oSUiryWxLgzLowrY8h02gKKLaElLoz_bjFs2E3uOfcm8wFnqccBiexsfOM8egXV7QPjZEk5BxUMtu0NRODIjoFBOHH2XTPihK9FgG8E15Yd9Pn4PtWXGe4RNH9ldmpqehmcZAebUCA9lVmIfKBpbUzW-KkX8aLEK3XxyUo11Ku7GejQdaGdK5kqYmWx04xJXnIsVMaLrBRCC64Tkpx0-C5nlBCJMs9pv0eeiZQVgqUSvj8B3VX6:1poQW0:g7yLP-QOSrf4xw_YGVNFl7lI5HvzIJoVTrMOKt0p4gk','2023-05-01 15:11:36.208431');
INSERT INTO django_session VALUES('4hpglt20yqe7dxd71234dgh52g4oa3up','.eJxVjEsOgyAURffCuCFCfQKd1Y2Y98FIajCpMGq692LjoL2z-zsvNWEty1T3-JySqJsyg7r8hoT8iPlocF2PWCPzVnPR381Z7_reXMwlMZa05fF8_aEW3JfGidLkxF4NAXkXfDfYuTMBgGAmMq6PII4amUGGTnxvQ7DoACIZL6zeH_roPRM:1poR9F:plfpk-dq3X-YvUf5_pwh4ypKDCnmeu1xaF3HYc5Gy-k','2023-05-01 15:52:09.369733');
CREATE TABLE IF NOT EXISTS "social_auth_association" ("id" integer NOT NULL PRIMARY KEY AUTOINCREMENT, "server_url" varchar(255) NOT NULL, "handle" varchar(255) NOT NULL, "secret" varchar(255) NOT NULL, "issued" integer NOT NULL, "lifetime" integer NOT NULL, "assoc_type" varchar(64) NOT NULL);
CREATE TABLE IF NOT EXISTS "social_auth_code" ("id" integer NOT NULL PRIMARY KEY AUTOINCREMENT, "email" varchar(254) NOT NULL, "code" varchar(32) NOT NULL, "verified" bool NOT NULL, "timestamp" datetime NOT NULL);
CREATE TABLE IF NOT EXISTS "social_auth_nonce" ("id" integer NOT NULL PRIMARY KEY AUTOINCREMENT, "server_url" varchar(255) NOT NULL, "timestamp" integer NOT NULL, "salt" varchar(65) NOT NULL);
CREATE TABLE IF NOT EXISTS "social_auth_partial" ("id" integer NOT NULL PRIMARY KEY AUTOINCREMENT, "token" varchar(32) NOT NULL, "next_step" smallint unsigned NOT NULL CHECK ("next_step" >= 0), "backend" varchar(32) NOT NULL, "data" text NOT NULL, "timestamp" datetime NOT NULL);
CREATE TABLE IF NOT EXISTS "social_auth_usersocialauth" ("id" integer NOT NULL PRIMARY KEY AUTOINCREMENT, "provider" varchar(32) NOT NULL, "uid" varchar(255) NOT NULL, "extra_data" text NOT NULL, "user_id" integer NOT NULL REFERENCES "auth_user" ("id") DEFERRABLE INITIALLY DEFERRED, "created" datetime NOT NULL, "modified" datetime NOT NULL);
CREATE TABLE IF NOT EXISTS "account_emailconfirmation" ("id" integer NOT NULL PRIMARY KEY AUTOINCREMENT, "created" datetime NOT NULL, "sent" datetime NULL, "key" varchar(64) NOT NULL UNIQUE, "email_address_id" integer NOT NULL REFERENCES "account_emailaddress" ("id") DEFERRABLE INITIALLY DEFERRED);
CREATE TABLE IF NOT EXISTS "account_emailaddress" ("id" integer NOT NULL PRIMARY KEY AUTOINCREMENT, "verified" bool NOT NULL, "primary" bool NOT NULL, "user_id" integer NOT NULL REFERENCES "auth_user" ("id") DEFERRABLE INITIALLY DEFERRED, "email" varchar(254) NOT NULL UNIQUE);
CREATE TABLE IF NOT EXISTS "django_site" ("id" integer NOT NULL PRIMARY KEY AUTOINCREMENT, "name" varchar(50) NOT NULL, "domain" varchar(100) NOT NULL UNIQUE);
INSERT INTO django_site VALUES(1,'example.com','example.com');
CREATE TABLE IF NOT EXISTS "socialaccount_socialapp_sites" ("id" integer NOT NULL PRIMARY KEY AUTOINCREMENT, "socialapp_id" integer NOT NULL REFERENCES "socialaccount_socialapp" ("id") DEFERRABLE INITIALLY DEFERRED, "site_id" integer NOT NULL REFERENCES "django_site" ("id") DEFERRABLE INITIALLY DEFERRED);
INSERT INTO socialaccount_socialapp_sites VALUES(1,1,1);
CREATE TABLE IF NOT EXISTS "socialaccount_socialtoken" ("id" integer NOT NULL PRIMARY KEY AUTOINCREMENT, "token" text NOT NULL, "token_secret" text NOT NULL, "expires_at" datetime NULL, "account_id" integer NOT NULL REFERENCES "socialaccount_socialaccount" ("id") DEFERRABLE INITIALLY DEFERRED, "app_id" integer NOT NULL REFERENCES "socialaccount_socialapp" ("id") DEFERRABLE INITIALLY DEFERRED);
CREATE TABLE IF NOT EXISTS "socialaccount_socialapp" ("id" integer NOT NULL PRIMARY KEY AUTOINCREMENT, "provider" varchar(30) NOT NULL, "name" varchar(40) NOT NULL, "client_id" varchar(191) NOT NULL, "key" varchar(191) NOT NULL, "secret" varchar(191) NOT NULL);
INSERT INTO socialaccount_socialapp VALUES(1,'google','OAuth App','812040518166-d0fkg21ue94kgpf3uts8et055ele4ngq.apps.googleusercontent.com','','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');
CREATE TABLE IF NOT EXISTS "socialaccount_socialaccount" ("id" integer NOT NULL PRIMARY KEY AUTOINCREMENT, "provider" varchar(30) NOT NULL, "uid" varchar(191) NOT NULL, "last_login" datetime NOT NULL, "date_joined" datetime NOT NULL, "user_id" integer NOT NULL REFERENCES "auth_user" ("id") DEFERRABLE INITIALLY DEFERRED, "extra_data" text NOT NULL);
INSERT INTO socialaccount_socialaccount VALUES(1,'google','108324123705018869366','2023-04-16 12:04:24.589829','2023-04-04 05:19:09.093002',3,'{"iss": "https://accounts.google.com", "azp": "812040518166-d0fkg21ue94kgpf3uts8et055ele4ngq.apps.googleusercontent.com", "aud": "812040518166-d0fkg21ue94kgpf3uts8et055ele4ngq.apps.googleusercontent.com", "sub": "108324123705018869366", "at_hash": "lDv39CgyRYNPZHMxGLQOOw", "name": "Miguel N\u00fa\u00f1ez", "picture": "https://lh3.googleusercontent.com/a/AGNmyxZ25nG3D0bvyq8LRh_cjLLB45L5kYmvdU1d8rSTUQ=s96-c", "given_name": "Miguel", "family_name": "N\u00fa\u00f1ez", "locale": "es-419", "iat": 1681646664, "exp": 1681650264}');
INSERT INTO socialaccount_socialaccount VALUES(2,'google','110072521803294018365','2023-04-10 16:42:46.906115','2023-04-04 05:20:11.666998',4,'{"iss": "https://accounts.google.com", "azp": "812040518166-d0fkg21ue94kgpf3uts8et055ele4ngq.apps.googleusercontent.com", "aud": "812040518166-d0fkg21ue94kgpf3uts8et055ele4ngq.apps.googleusercontent.com", "sub": "110072521803294018365", "at_hash": "mIO3vT9pRq_oZoD67ONPAA", "name": "Miguel N\u00fa\u00f1ez Rodr\u00edguez", "picture": "https://lh3.googleusercontent.com/a/AGNmyxbmpb-Y6YRdV2MKqtBUtIBdrNdVPINVUjPOar61=s96-c", "given_name": "Miguel", "family_name": "N\u00fa\u00f1ez Rodr\u00edguez", "locale": "ca", "iat": 1681144966, "exp": 1681148566}');
INSERT INTO socialaccount_socialaccount VALUES(3,'google','114143583164276540772','2023-04-04 16:16:16.893677','2023-04-04 16:16:16.893706',5,'{"iss": "https://accounts.google.com", "azp": "812040518166-d0fkg21ue94kgpf3uts8et055ele4ngq.apps.googleusercontent.com", "aud": "812040518166-d0fkg21ue94kgpf3uts8et055ele4ngq.apps.googleusercontent.com", "sub": "114143583164276540772", "at_hash": "kybuWq9dNLZ6FXBoLu-xmA", "name": "Miguel N\u00fa\u00f1ez", "picture": "https://lh3.googleusercontent.com/a/AGNmyxYr8J82hkOm3rmiOESo40B4OY3ao9NXNkCxpNUz=s96-c", "given_name": "Miguel", "family_name": "N\u00fa\u00f1ez", "locale": "es", "iat": 1680624976, "exp": 1680628576}');
INSERT INTO socialaccount_socialaccount VALUES(4,'google','109124938570188443098','2023-04-14 07:01:17.332537','2023-04-14 06:42:25.501505',14,'{"iss": "https://accounts.google.com", "azp": "812040518166-d0fkg21ue94kgpf3uts8et055ele4ngq.apps.googleusercontent.com", "aud": "812040518166-d0fkg21ue94kgpf3uts8et055ele4ngq.apps.googleusercontent.com", "sub": "109124938570188443098", "at_hash": "FBxxC3uqysJCly_c3JdzBA", "name": "Juan Clusellas", "picture": "https://lh3.googleusercontent.com/a/AGNmyxbLQhTkrfpbTWMDlyf7wXdoYbkGmb1AbWJd0tgh=s96-c", "given_name": "Juan", "family_name": "Clusellas", "locale": "ca", "iat": 1681455677, "exp": 1681459277}');
INSERT INTO socialaccount_socialaccount VALUES(5,'google','112349415837579703987','2023-04-14 06:58:52.875204','2023-04-14 06:58:52.875235',15,'{"iss": "https://accounts.google.com", "azp": "812040518166-d0fkg21ue94kgpf3uts8et055ele4ngq.apps.googleusercontent.com", "aud": "812040518166-d0fkg21ue94kgpf3uts8et055ele4ngq.apps.googleusercontent.com", "sub": "112349415837579703987", "at_hash": "mhiLX5zEo1ZEEhMC4diwEw", "name": "Juan Clusellas C\u00e1novas", "picture": "https://lh3.googleusercontent.com/a/AGNmyxZ0aDl0fepnhxFVU1zSS-h34jaRZfMYqO7YLzRl=s96-c", "given_name": "Juan", "family_name": "Clusellas C\u00e1novas", "locale": "ca", "iat": 1681455532, "exp": 1681459132}');
INSERT INTO socialaccount_socialaccount VALUES(6,'google','100392013840276572168','2023-04-17 15:52:09.211823','2023-04-17 15:24:11.338448',16,'{"iss": "https://accounts.google.com", "azp": "812040518166-d0fkg21ue94kgpf3uts8et055ele4ngq.apps.googleusercontent.com", "aud": "812040518166-d0fkg21ue94kgpf3uts8et055ele4ngq.apps.googleusercontent.com", "sub": "100392013840276572168", "at_hash": "Hkr9hlHRYALUG6lZPhSnOQ", "name": "Joan Mart\u00ednez Soria", "picture": "https://lh3.googleusercontent.com/a/AGNmyxaCaon8mZaXSCBUgPubPTjF7bjl34Aiqlyr-zum=s96-c", "given_name": "Joan", "family_name": "Mart\u00ednez Soria", "locale": "ca", "iat": 1681746727, "exp": 1681750327}');
CREATE TABLE IF NOT EXISTS "polls_actividad_issue" ("id" integer NOT NULL PRIMARY KEY AUTOINCREMENT, "fecha" datetime NOT NULL, "tipo" varchar(1000) NOT NULL, "creador_id" integer NOT NULL REFERENCES "auth_user" ("id") DEFERRABLE INITIALLY DEFERRED, "issue_id" integer NOT NULL REFERENCES "polls_issue" ("id") DEFERRABLE INITIALLY DEFERRED, "usuario_id" integer NOT NULL REFERENCES "auth_user" ("id") DEFERRABLE INITIALLY DEFERRED);
INSERT INTO polls_actividad_issue VALUES(86,'2023-04-12 21:18:16.654457','creada',3,1,3);
INSERT INTO polls_actividad_issue VALUES(87,'2023-04-13 14:45:07.855242','creada',13,2,13);
INSERT INTO polls_actividad_issue VALUES(88,'2023-04-13 14:49:29.006427','creada',13,3,13);
INSERT INTO polls_actividad_issue VALUES(89,'2023-04-13 14:59:33.275988','creada',13,4,13);
INSERT INTO polls_actividad_issue VALUES(90,'2023-04-13 16:01:19.577735','creada',12,5,12);
INSERT INTO polls_actividad_issue VALUES(91,'2023-04-13 16:01:54.981293','asunto',12,5,12);
INSERT INTO polls_actividad_issue VALUES(92,'2023-04-13 16:01:54.984009','descripcion',12,5,12);
INSERT INTO polls_actividad_issue VALUES(93,'2023-04-13 16:03:10.458879','desasignada',12,5,12);
INSERT INTO polls_actividad_issue VALUES(94,'2023-04-13 16:08:20.003298','asunto',12,5,12);
INSERT INTO polls_actividad_issue VALUES(95,'2023-04-13 16:08:20.005163','descripcion',12,5,12);
INSERT INTO polls_actividad_issue VALUES(96,'2023-04-13 16:30:09.155097','creada',12,6,12);
INSERT INTO polls_actividad_issue VALUES(97,'2023-04-13 16:31:22.308494','desasignada',12,6,12);
INSERT INTO polls_actividad_issue VALUES(98,'2023-04-14 06:41:28.481740','asunto',12,5,12);
INSERT INTO polls_actividad_issue VALUES(99,'2023-04-14 06:41:28.485180','descripcion',12,5,12);
INSERT INTO polls_actividad_issue VALUES(100,'2023-04-14 06:41:39.799875','asunto',12,5,12);
INSERT INTO polls_actividad_issue VALUES(101,'2023-04-14 06:41:39.802127','descripcion',12,5,12);
INSERT INTO polls_actividad_issue VALUES(102,'2023-04-14 06:42:50.885909','creada',14,7,14);
INSERT INTO polls_actividad_issue VALUES(103,'2023-04-14 06:43:23.989873','asunto',14,7,14);
INSERT INTO polls_actividad_issue VALUES(104,'2023-04-14 06:43:23.992275','descripcion',14,7,14);
INSERT INTO polls_actividad_issue VALUES(105,'2023-04-14 06:43:23.994244','asignada',14,7,14);
INSERT INTO polls_actividad_issue VALUES(106,'2023-04-14 06:43:48.906211','bloqueada',14,7,14);
INSERT INTO polls_actividad_issue VALUES(107,'2023-04-14 06:44:04.626843','desbloqueada',14,7,14);
INSERT INTO polls_actividad_issue VALUES(108,'2023-04-14 06:44:12.328641','bloqueada',14,7,14);
INSERT INTO polls_actividad_issue VALUES(109,'2023-04-14 06:44:47.357908','desbloqueada',14,7,14);
INSERT INTO polls_actividad_issue VALUES(110,'2023-04-14 06:45:55.232008','creada',14,8,14);
INSERT INTO polls_actividad_issue VALUES(111,'2023-04-14 06:47:41.726708','creada',14,9,14);
INSERT INTO polls_actividad_issue VALUES(112,'2023-04-14 06:48:22.431461','desasignada',14,8,14);
INSERT INTO polls_actividad_issue VALUES(113,'2023-04-14 07:03:03.926329','creada',14,10,14);
INSERT INTO polls_actividad_issue VALUES(114,'2023-04-14 07:03:56.072823','bloqueada',14,10,14);
INSERT INTO polls_actividad_issue VALUES(115,'2023-04-14 07:04:11.943530','desbloqueada',14,10,14);
INSERT INTO polls_actividad_issue VALUES(116,'2023-04-14 07:04:31.775315','asunto',14,10,14);
INSERT INTO polls_actividad_issue VALUES(117,'2023-04-14 07:04:31.778366','descripcion',14,10,14);
INSERT INTO polls_actividad_issue VALUES(118,'2023-04-14 07:04:31.781930','asignada',14,10,14);
INSERT INTO polls_actividad_issue VALUES(119,'2023-04-14 07:07:51.551167','creada',14,11,14);
INSERT INTO polls_actividad_issue VALUES(120,'2023-04-14 07:07:51.553230','creada',14,12,14);
INSERT INTO polls_actividad_issue VALUES(121,'2023-04-14 07:07:51.555004','creada',14,13,14);
INSERT INTO polls_actividad_issue VALUES(122,'2023-04-14 07:08:48.921270','creada',14,14,14);
INSERT INTO polls_actividad_issue VALUES(123,'2023-04-17 14:28:43.419826','bloqueada',13,4,13);
INSERT INTO polls_actividad_issue VALUES(124,'2023-04-17 14:29:35.401609','creada',13,15,13);
INSERT INTO polls_actividad_issue VALUES(125,'2023-04-17 14:29:35.428593','creada',13,16,13);
INSERT INTO polls_actividad_issue VALUES(126,'2023-04-17 14:29:35.455580','creada',13,17,13);
CREATE TABLE IF NOT EXISTS "polls_equipo" ("id" integer NOT NULL PRIMARY KEY AUTOINCREMENT, "descripcion" varchar(200) NOT NULL, "creador_id" integer NOT NULL REFERENCES "auth_user" ("id") DEFERRABLE INITIALLY DEFERRED, "nombre" varchar(50) NOT NULL UNIQUE);
INSERT INTO polls_equipo VALUES(1,'test',3,'test');
CREATE TABLE IF NOT EXISTS "polls_miembro_equipo" ("id" integer NOT NULL PRIMARY KEY AUTOINCREMENT, "rol" varchar(50) NOT NULL, "equipo_id" integer NOT NULL REFERENCES "polls_equipo" ("id") DEFERRABLE INITIALLY DEFERRED, "miembro_id" integer NOT NULL UNIQUE REFERENCES "auth_user" ("id") DEFERRABLE INITIALLY DEFERRED);
INSERT INTO polls_miembro_equipo VALUES(4,'',1,3);
INSERT INTO polls_miembro_equipo VALUES(5,'',1,4);
INSERT INTO polls_miembro_equipo VALUES(6,'',1,12);
INSERT INTO polls_miembro_equipo VALUES(7,'',1,13);
INSERT INTO polls_miembro_equipo VALUES(8,'',1,14);
INSERT INTO polls_miembro_equipo VALUES(9,'',1,16);
CREATE TABLE IF NOT EXISTS "polls_imagen_perfil" ("id" integer NOT NULL PRIMARY KEY AUTOINCREMENT, "imagen" varchar(100) NULL, "usuario_id" integer NOT NULL UNIQUE REFERENCES "auth_user" ("id") DEFERRABLE INITIALLY DEFERRED);
INSERT INTO polls_imagen_perfil VALUES(4,'imagenes_perfil/file_id249_R7LpDfc.png',3);
INSERT INTO polls_imagen_perfil VALUES(5,'imagenes_perfil/file_id249_dgtQ7Fj.png',4);
CREATE TABLE IF NOT EXISTS "polls_comentario" ("id" integer NOT NULL PRIMARY KEY AUTOINCREMENT, "contenido" text NOT NULL, "fecha" datetime NOT NULL, "autor_id" integer NOT NULL REFERENCES "auth_user" ("id") DEFERRABLE INITIALLY DEFERRED, "issue_id" integer NOT NULL REFERENCES "polls_issue" ("id") DEFERRABLE INITIALLY DEFERRED, "deleted" bool NOT NULL);
INSERT INTO polls_comentario VALUES(14,'TEST','2023-04-12 21:18:23.083421',3,1,0);
INSERT INTO polls_comentario VALUES(15,'comment','2023-04-13 16:03:27.314043',12,5,0);
INSERT INTO polls_comentario VALUES(16,'comentarioo','2023-04-14 06:43:39.367512',14,7,0);
INSERT INTO polls_comentario VALUES(17,'nuevo comentario','2023-04-14 07:03:28.035644',14,10,0);
INSERT INTO polls_comentario VALUES(18,'sdfsdfsd','2023-04-14 07:03:32.040444',14,10,0);
INSERT INTO polls_comentario VALUES(19,'Hola!','2023-04-17 14:28:29.129983',13,4,0);
CREATE TABLE IF NOT EXISTS "polls_watcher" ("id" integer NOT NULL PRIMARY KEY AUTOINCREMENT, "issue_id" integer NOT NULL REFERENCES "polls_issue" ("id") DEFERRABLE INITIALLY DEFERRED, "usuario_id" integer NOT NULL REFERENCES "auth_user" ("id") DEFERRABLE INITIALLY DEFERRED);
INSERT INTO polls_watcher VALUES(4,1,3);
INSERT INTO polls_watcher VALUES(5,2,13);
INSERT INTO polls_watcher VALUES(6,3,13);
INSERT INTO polls_watcher VALUES(7,4,13);
INSERT INTO polls_watcher VALUES(8,5,12);
INSERT INTO polls_watcher VALUES(9,6,12);
INSERT INTO polls_watcher VALUES(10,7,14);
INSERT INTO polls_watcher VALUES(11,7,13);
INSERT INTO polls_watcher VALUES(12,8,14);
INSERT INTO polls_watcher VALUES(13,9,14);
INSERT INTO polls_watcher VALUES(14,10,14);
INSERT INTO polls_watcher VALUES(16,14,14);
CREATE TABLE IF NOT EXISTS "polls_issue_vigilant" ("id" integer NOT NULL PRIMARY KEY AUTOINCREMENT, "issue_id" integer NOT NULL REFERENCES "polls_issue" ("id") DEFERRABLE INITIALLY DEFERRED, "user_id" integer NOT NULL REFERENCES "auth_user" ("id") DEFERRABLE INITIALLY DEFERRED);
INSERT INTO polls_issue_vigilant VALUES(4,1,3);
INSERT INTO polls_issue_vigilant VALUES(5,2,13);
INSERT INTO polls_issue_vigilant VALUES(6,3,3);
INSERT INTO polls_issue_vigilant VALUES(7,4,13);
INSERT INTO polls_issue_vigilant VALUES(8,5,12);
INSERT INTO polls_issue_vigilant VALUES(9,6,3);
INSERT INTO polls_issue_vigilant VALUES(10,7,4);
INSERT INTO polls_issue_vigilant VALUES(11,7,13);
INSERT INTO polls_issue_vigilant VALUES(12,8,4);
INSERT INTO polls_issue_vigilant VALUES(13,9,12);
INSERT INTO polls_issue_vigilant VALUES(14,10,3);
INSERT INTO polls_issue_vigilant VALUES(16,14,3);
CREATE TABLE IF NOT EXISTS "polls_deadline" ("id" integer NOT NULL PRIMARY KEY AUTOINCREMENT, "deadline" datetime NOT NULL, "motivo" varchar(200) NOT NULL, "issue_id" integer NOT NULL REFERENCES "polls_issue" ("id") DEFERRABLE INITIALLY DEFERRED);
INSERT INTO polls_deadline VALUES(2,'2023-04-21 00:00:00','hellou',7);
INSERT INTO polls_deadline VALUES(3,'2023-04-28 00:00:00','motivo1',10);
CREATE TABLE IF NOT EXISTS "polls_issue" ("id" integer NOT NULL PRIMARY KEY AUTOINCREMENT, "asunto" varchar(50) NOT NULL, "descripcion" varchar(200) NOT NULL, "deleted" bool NOT NULL, "associat_id" integer NULL REFERENCES "auth_user" ("id") DEFERRABLE INITIALLY DEFERRED, "creador_id" integer NOT NULL REFERENCES "auth_user" ("id") DEFERRABLE INITIALLY DEFERRED, "asignada_id" integer NULL REFERENCES "auth_user" ("id") DEFERRABLE INITIALLY DEFERRED, "blocked" bool NULL, "reason_blocked" varchar(200) NULL, "deadline" datetime NULL, "prioridad" varchar(100) NULL, "status" varchar(100) NULL);
INSERT INTO polls_issue VALUES(1,'TEST','ETST',0,NULL,3,3,0,'',NULL,'alta','1');
INSERT INTO polls_issue VALUES(2,'Test','Hoal',0,NULL,13,13,0,'',NULL,'baja','1');
INSERT INTO polls_issue VALUES(3,'Test2','Prioridad media',0,NULL,13,3,0,'',NULL,'media','1');
INSERT INTO polls_issue VALUES(4,'Test de busqueda','Hola de nuevo',0,NULL,13,12,1,'Bloqueo de issue',NULL,'alta','1');
INSERT INTO polls_issue VALUES(5,'dfff','fffff',0,NULL,12,NULL,0,'',NULL,'media','CANCELADO');
INSERT INTO polls_issue VALUES(6,'hello','rrrrr',0,NULL,12,NULL,0,'',NULL,'baja','LISTA_PARA_TESTEAR');
INSERT INTO polls_issue VALUES(7,'joderr','tas tu',0,NULL,14,13,0,NULL,'2023-04-21 00:00:00','baja','CANCELADO');
INSERT INTO polls_issue VALUES(8,'joderrfff','blabla',0,NULL,14,NULL,0,'',NULL,'baja','NUEVO');
INSERT INTO polls_issue VALUES(9,'hello','adcsdfcds',0,NULL,14,4,0,'',NULL,'baja','NECESITA_INFORMACION');
INSERT INTO polls_issue VALUES(10,'asunto2','jjj',1,NULL,14,12,0,NULL,'2023-04-28 00:00:00','media','CANCELADO');
INSERT INTO polls_issue VALUES(11,'bulk','',0,NULL,14,NULL,0,'',NULL,NULL,NULL);
INSERT INTO polls_issue VALUES(12,'bulk1','',0,NULL,14,NULL,0,'',NULL,NULL,NULL);
INSERT INTO polls_issue VALUES(13,'busk3','',0,NULL,14,NULL,0,'',NULL,NULL,NULL);
INSERT INTO polls_issue VALUES(14,'hello','hhh',0,NULL,14,12,0,'',NULL,'alta','FINALIZADO');
INSERT INTO polls_issue VALUES(15,'Issue1','',0,NULL,13,NULL,0,'',NULL,NULL,NULL);
INSERT INTO polls_issue VALUES(16,'Issue2','',0,NULL,13,NULL,0,'',NULL,NULL,NULL);
INSERT INTO polls_issue VALUES(17,'Issue3','',0,NULL,13,NULL,0,'',NULL,NULL,NULL);
DELETE FROM sqlite_sequence;
INSERT INTO sqlite_sequence VALUES('django_migrations',81);
INSERT INTO sqlite_sequence VALUES('django_admin_log',1);
INSERT INTO sqlite_sequence VALUES('django_content_type',26);
INSERT INTO sqlite_sequence VALUES('auth_permission',104);
INSERT INTO sqlite_sequence VALUES('auth_group',0);
INSERT INTO sqlite_sequence VALUES('auth_user',16);
INSERT INTO sqlite_sequence VALUES('social_auth_association',0);
INSERT INTO sqlite_sequence VALUES('social_auth_code',0);
INSERT INTO sqlite_sequence VALUES('social_auth_nonce',0);
INSERT INTO sqlite_sequence VALUES('social_auth_partial',0);
INSERT INTO sqlite_sequence VALUES('social_auth_usersocialauth',0);
INSERT INTO sqlite_sequence VALUES('account_emailaddress',0);
INSERT INTO sqlite_sequence VALUES('django_site',1);
INSERT INTO sqlite_sequence VALUES('socialaccount_socialapp',1);
INSERT INTO sqlite_sequence VALUES('socialaccount_socialaccount',6);
INSERT INTO sqlite_sequence VALUES('socialaccount_socialapp_sites',1);
INSERT INTO sqlite_sequence VALUES('polls_actividad_issue',126);
INSERT INTO sqlite_sequence VALUES('polls_equipo',1);
INSERT INTO sqlite_sequence VALUES('polls_miembro_equipo',9);
INSERT INTO sqlite_sequence VALUES('polls_imagen_perfil',5);
INSERT INTO sqlite_sequence VALUES('polls_comentario',19);
INSERT INTO sqlite_sequence VALUES('polls_watcher',16);
INSERT INTO sqlite_sequence VALUES('polls_issue_vigilant',16);
INSERT INTO sqlite_sequence VALUES('polls_deadline',3);
INSERT INTO sqlite_sequence VALUES('polls_issue',17);
CREATE UNIQUE INDEX "auth_group_permissions_group_id_permission_id_0cd325b0_uniq" ON "auth_group_permissions" ("group_id", "permission_id");
CREATE INDEX "auth_group_permissions_group_id_b120cbf9" ON "auth_group_permissions" ("group_id");
CREATE INDEX "auth_group_permissions_permission_id_84c5c92e" ON "auth_group_permissions" ("permission_id");
CREATE UNIQUE INDEX "auth_user_groups_user_id_group_id_94350c0c_uniq" ON "auth_user_groups" ("user_id", "group_id");
CREATE INDEX "auth_user_groups_user_id_6a12ed8b" ON "auth_user_groups" ("user_id");
CREATE INDEX "auth_user_groups_group_id_97559544" ON "auth_user_groups" ("group_id");
CREATE UNIQUE INDEX "auth_user_user_permissions_user_id_permission_id_14a6b632_uniq" ON "auth_user_user_permissions" ("user_id", "permission_id");
CREATE INDEX "auth_user_user_permissions_user_id_a95ead1b" ON "auth_user_user_permissions" ("user_id");
CREATE INDEX "auth_user_user_permissions_permission_id_1fbb5f2c" ON "auth_user_user_permissions" ("permission_id");
CREATE INDEX "django_admin_log_content_type_id_c4bce8eb" ON "django_admin_log" ("content_type_id");
CREATE INDEX "django_admin_log_user_id_c564eba6" ON "django_admin_log" ("user_id");
CREATE UNIQUE INDEX "django_content_type_app_label_model_76bd3d3b_uniq" ON "django_content_type" ("app_label", "model");
CREATE UNIQUE INDEX "auth_permission_content_type_id_codename_01ab375a_uniq" ON "auth_permission" ("content_type_id", "codename");
CREATE INDEX "auth_permission_content_type_id_2f476e4b" ON "auth_permission" ("content_type_id");
CREATE INDEX "django_session_expire_date_a5c62663" ON "django_session" ("expire_date");
CREATE UNIQUE INDEX "social_auth_association_server_url_handle_078befa2_uniq" ON "social_auth_association" ("server_url", "handle");
CREATE UNIQUE INDEX "social_auth_code_email_code_801b2d02_uniq" ON "social_auth_code" ("email", "code");
CREATE INDEX "social_auth_code_code_a2393167" ON "social_auth_code" ("code");
CREATE INDEX "social_auth_code_timestamp_176b341f" ON "social_auth_code" ("timestamp");
CREATE UNIQUE INDEX "social_auth_nonce_server_url_timestamp_salt_f6284463_uniq" ON "social_auth_nonce" ("server_url", "timestamp", "salt");
CREATE INDEX "social_auth_partial_token_3017fea3" ON "social_auth_partial" ("token");
CREATE INDEX "social_auth_partial_timestamp_50f2119f" ON "social_auth_partial" ("timestamp");
CREATE UNIQUE INDEX "social_auth_usersocialauth_provider_uid_e6b5e668_uniq" ON "social_auth_usersocialauth" ("provider", "uid");
CREATE INDEX "social_auth_usersocialauth_uid_796e51dc" ON "social_auth_usersocialauth" ("uid");
CREATE INDEX "social_auth_usersocialauth_user_id_17d28448" ON "social_auth_usersocialauth" ("user_id");
CREATE INDEX "account_emailconfirmation_email_address_id_5b7f8c58" ON "account_emailconfirmation" ("email_address_id");
CREATE INDEX "account_emailaddress_user_id_2c513194" ON "account_emailaddress" ("user_id");
CREATE UNIQUE INDEX "socialaccount_socialtoken_app_id_account_id_fca4e0ac_uniq" ON "socialaccount_socialtoken" ("app_id", "account_id");
CREATE UNIQUE INDEX "socialaccount_socialapp_sites_socialapp_id_site_id_71a9a768_uniq" ON "socialaccount_socialapp_sites" ("socialapp_id", "site_id");
CREATE INDEX "socialaccount_socialapp_sites_socialapp_id_97fb6e7d" ON "socialaccount_socialapp_sites" ("socialapp_id");
CREATE INDEX "socialaccount_socialapp_sites_site_id_2579dee5" ON "socialaccount_socialapp_sites" ("site_id");
CREATE INDEX "socialaccount_socialtoken_account_id_951f210e" ON "socialaccount_socialtoken" ("account_id");
CREATE INDEX "socialaccount_socialtoken_app_id_636a42d7" ON "socialaccount_socialtoken" ("app_id");
CREATE UNIQUE INDEX "socialaccount_socialaccount_provider_uid_fc810c6e_uniq" ON "socialaccount_socialaccount" ("provider", "uid");
CREATE INDEX "socialaccount_socialaccount_user_id_8146e70c" ON "socialaccount_socialaccount" ("user_id");
CREATE INDEX "polls_actividad_issue_creador_id_c937f4d0" ON "polls_actividad_issue" ("creador_id");
CREATE INDEX "polls_actividad_issue_issue_id_44f9224c" ON "polls_actividad_issue" ("issue_id");
CREATE INDEX "polls_actividad_issue_usuario_id_4395c366" ON "polls_actividad_issue" ("usuario_id");
CREATE INDEX "polls_equipo_creador_id_c3211e88" ON "polls_equipo" ("creador_id");
CREATE INDEX "polls_miembro_equipo_equipo_id_c25367ae" ON "polls_miembro_equipo" ("equipo_id");
CREATE INDEX "polls_comentario_autor_id_c82f742a" ON "polls_comentario" ("autor_id");
CREATE INDEX "polls_comentario_issue_id_3c58155d" ON "polls_comentario" ("issue_id");
CREATE INDEX "polls_watcher_issue_id_80b73849" ON "polls_watcher" ("issue_id");
CREATE INDEX "polls_watcher_usuario_id_c6dc6a71" ON "polls_watcher" ("usuario_id");
CREATE UNIQUE INDEX "polls_issue_vigilant_issue_id_user_id_cbeb08df_uniq" ON "polls_issue_vigilant" ("issue_id", "user_id");
CREATE INDEX "polls_issue_vigilant_issue_id_84c783ad" ON "polls_issue_vigilant" ("issue_id");
CREATE INDEX "polls_issue_vigilant_user_id_7aaf4e1b" ON "polls_issue_vigilant" ("user_id");
CREATE INDEX "polls_deadline_issue_id_b914857c" ON "polls_deadline" ("issue_id");
CREATE INDEX "polls_issue_associat_id_4b23cf94" ON "polls_issue" ("associat_id");
CREATE INDEX "polls_issue_creador_id_71bec6ff" ON "polls_issue" ("creador_id");
CREATE INDEX "polls_issue_asignada_id_94b24dd2" ON "polls_issue" ("asignada_id");
COMMIT;
